"Date ","series ","OPEN ","HIGH ","LOW ","PREV. CLOSE ","ltp ","close ","vwap ","52W H ","52W L ","VOLUME ","VALUE ","No of trades "
"30-Dec-2022","EQ","199.90","200.14","197.70","198.78","198.18","198.04","198.82","223.00","153.30","1,739,603","345,865,234.75","22,022"
"29-Dec-2022","EQ","197.90","199.08","196.76","197.99","198.91","198.78","197.79","223.00","153.30","2,374,539","469,653,783.12","20,807"
"28-Dec-2022","EQ","198.95","198.95","197.01","198.00","198.04","197.99","197.97","223.00","153.30","1,880,252","372,235,305.52","18,172"
"27-Dec-2022","EQ","198.91","198.91","196.58","197.23","198.00","198.00","197.83","223.00","153.30","2,669,146","528,031,088.33","23,170"
"26-Dec-2022","EQ","198.51","198.51","194.80","195.15","197.30","197.23","196.54","223.00","153.30","3,648,955","717,163,496.19","35,968"
"23-Dec-2022","EQ","201.43","201.43","194.80","198.55","195.70","195.15","196.15","223.00","153.30","8,961,067","1,757,712,462.45","66,283"
"22-Dec-2022","EQ","199.40","202.31","197.90","199.40","198.48","198.55","198.71","223.00","153.30","3,234,997","642,817,359.03","38,871"
"21-Dec-2022","EQ","203.95","203.95","199.00","201.21","199.69","199.40","200.24","223.00","153.30","2,461,367","492,856,433.96","31,236"
"20-Dec-2022","EQ","203.85","203.85","199.25","201.67","201.42","201.21","200.08","223.00","153.30","2,308,276","461,836,594.97","33,675"
"19-Dec-2022","EQ","201.42","201.79","198.66","200.16","201.65","201.67","201.02","223.00","153.30","1,720,911","345,935,273.20","28,780"
"16-Dec-2022","EQ","202.35","202.35","200.00","201.58","200.29","200.16","200.68","223.00","153.30","2,171,653","435,816,788.12","33,857"
"15-Dec-2022","EQ","204.75","204.75","201.32","204.35","201.75","201.58","202.53","223.00","153.30","2,332,679","472,433,847.33","34,718"
"14-Dec-2022","EQ","204.99","204.99","203.77","203.77","204.37","204.35","204.38","223.00","153.30","1,172,749","239,691,861.32","16,242"
"13-Dec-2022","EQ","207.49","207.49","202.31","202.61","203.80","203.77","203.18","223.00","153.30","1,196,576","243,115,817.91","16,764"
"12-Dec-2022","EQ","204.80","205.80","200.55","202.48","202.70","202.61","202.22","223.00","153.30","1,734,167","350,679,752.87","29,990"
"09-Dec-2022","EQ","207.49","207.49","201.71","203.62","202.40","202.48","202.73","223.00","153.30","2,109,284","427,616,333.17","30,394"
"08-Dec-2022","EQ","176.50","203.80","176.50","202.87","203.80","203.62","203.22","223.00","153.30","1,374,081","279,244,677.96","18,415"
"07-Dec-2022","EQ","203.87","207.24","202.60","204.14","202.73","202.87","203.38","223.00","153.30","1,710,285","347,836,262.04","25,804"
"06-Dec-2022","EQ","206.48","206.48","203.50","204.44","204.39","204.14","203.87","223.00","153.30","1,902,955","387,964,838.83","23,558"
"05-Dec-2022","EQ","207.49","207.49","203.65","204.81","204.53","204.44","204.24","223.00","153.30","1,627,546","332,404,373.38","37,687"
"02-Dec-2022","EQ","207.49","207.49","203.90","205.54","205.00","204.81","204.58","223.00","153.30","2,370,387","484,927,485.44","32,540"
"01-Dec-2022","EQ","207.49","207.49","204.73","204.70","205.50","205.54","205.78","223.00","153.30","2,261,605","465,382,687.08","29,073"
"30-Nov-2022","EQ","207.48","207.48","202.75","203.43","204.87","204.70","204.22","223.00","153.30","1,923,386","392,787,266.46","20,957"
"29-Nov-2022","EQ","207.49","207.49","201.91","203.04","203.40","203.43","203.70","223.00","153.30","1,317,579","268,393,835.09","21,157"
"28-Nov-2022","EQ","203.52","203.52","200.91","202.35","203.01","203.04","202.99","223.00","153.30","1,977,790","401,463,346.20","29,038"
"25-Nov-2022","EQ","202.37","202.64","201.44","201.72","202.30","202.35","202.00","223.00","153.30","1,925,380","388,919,250.93","22,438"
"24-Nov-2022","EQ","200.72","202.22","199.45","199.51","202.19","201.72","200.87","223.00","153.30","2,727,692","547,898,179.11","21,420"
"23-Nov-2022","EQ","200.52","200.52","199.17","199.23","199.42","199.51","199.67","223.00","153.30","840,243","167,768,554.84","14,160"
"22-Nov-2022","EQ","199.73","199.73","198.01","198.55","199.39","199.23","198.93","223.00","153.30","1,091,138","217,064,106.81","16,561"
"21-Nov-2022","EQ","199.99","199.99","198.40","199.92","198.60","198.55","198.68","223.00","153.30","1,737,709","345,241,591.62","29,150"
"18-Nov-2022","EQ","201.25","201.25","199.06","200.20","199.95","199.92","199.73","223.00","153.30","1,728,259","345,177,412.50","22,839"
"17-Nov-2022","EQ","201.25","201.25","199.45","200.87","200.10","200.20","200.54","223.00","153.30","1,304,936","261,694,076.21","18,074"
"16-Nov-2022","EQ","201.95","201.95","200.28","200.91","200.89","200.87","200.82","223.00","153.30","1,886,431","378,841,603.33","19,022"
"15-Nov-2022","EQ","201.67","201.67","199.80","200.17","201.16","200.91","200.36","223.00","153.30","1,776,273","355,896,784.66","21,856"
"14-Nov-2022","EQ","200.70","200.96","199.02","200.22","200.25","200.17","200.37","223.00","153.30","2,067,441","414,260,676.05","27,857"
"11-Nov-2022","EQ","199.37","200.35","198.45","196.86","200.35","200.22","199.85","223.00","153.30","4,245,671","848,514,220.31","26,023"
"10-Nov-2022","EQ","198.20","198.20","196.25","198.32","196.95","196.86","196.88","223.00","153.30","3,993,577","786,252,310.24","29,912"
"09-Nov-2022","EQ","203.49","203.49","198.15","198.62","198.30","198.32","198.77","223.00","153.30","2,373,360","471,758,552.14","28,495"
"07-Nov-2022","EQ","199.00","199.40","197.42","197.77","198.67","198.62","198.28","223.00","153.30","2,821,469","559,446,970.55","34,470"
"04-Nov-2022","EQ","198.60","198.60","196.70","197.39","198.00","197.77","197.30","223.00","153.30","1,577,276","311,203,641.87","21,228"
"03-Nov-2022","EQ","197.40","197.82","194.60","197.41","197.45","197.39","197.19","223.00","153.30","2,800,681","552,279,706.09","25,306"
"02-Nov-2022","EQ","198.80","198.80","197.07","197.98","197.45","197.41","197.53","223.00","153.30","1,911,519","377,585,237.61","25,052"
"01-Nov-2022","EQ","197.80","198.24","196.36","196.27","198.04","197.98","197.76","223.00","153.30","3,943,610","779,872,205.66","34,022"
"31-Oct-2022","EQ","195.70","196.50","194.50","193.96","196.45","196.27","196.07","223.00","153.30","8,882,827","1,741,612,364.43","32,837"
"28-Oct-2022","EQ","194.70","194.70","193.01","193.45","194.00","193.96","193.97","223.00","153.30","3,761,604","729,654,330.72","21,484"
"27-Oct-2022","EQ","192.61","194.15","192.61","192.49","193.52","193.45","193.37","223.00","153.30","2,769,911","535,614,661.85","23,983"
"25-Oct-2022","EQ","195.17","195.17","191.57","193.17","192.48","192.49","193.04","223.00","153.30","1,716,854","331,416,063.92","23,571"
"24-Oct-2022","EQ","194.30","194.40","192.51","191.52","193.28","193.17","193.34","223.00","153.30","1,953,310","377,657,295.70","44,427"
"21-Oct-2022","EQ","191.97","192.55","190.65","191.44","191.60","191.52","191.95","223.00","153.30","2,630,619","504,936,366.22","19,270"
"20-Oct-2022","EQ","191.50","191.68","188.91","190.83","191.50","191.44","190.64","223.00","153.30","2,191,179","417,727,139.05","18,382"
"19-Oct-2022","EQ","194.50","194.50","190.18","190.64","191.00","190.83","191.28","223.00","153.30","2,327,685","445,232,746.07","19,932"
"18-Oct-2022","EQ","190.30","190.99","189.25","188.83","190.71","190.64","190.62","223.00","153.30","2,767,074","527,467,771.36","20,429"
"17-Oct-2022","EQ","188.60","189.00","186.06","188.02","188.94","188.83","188.40","223.00","153.30","3,270,253","616,129,341.43","32,698"
"14-Oct-2022","EQ","192.20","192.20","187.70","186.23","188.23","188.02","188.82","223.00","153.30","3,543,010","669,000,063.22","22,150"
"13-Oct-2022","EQ","187.59","187.60","185.61","187.21","186.35","186.23","186.26","223.00","153.30","2,569,015","478,507,063.54","26,875"
"12-Oct-2022","EQ","176.11","187.69","176.11","185.87","187.28","187.21","186.51","223.00","153.30","1,869,801","348,733,052.48","21,539"
"11-Oct-2022","EQ","190.75","190.75","185.45","188.75","185.78","185.87","186.88","223.00","153.30","3,380,501","631,733,930.24","37,236"
"10-Oct-2022","EQ","188.94","189.05","186.63","189.19","188.60","188.75","187.72","223.00","153.30","3,446,075","646,885,661.60","43,925"
"07-Oct-2022","EQ","193.88","193.88","187.91","188.94","189.39","189.19","188.70","223.00","153.30","2,649,450","499,961,536.14","26,051"
"06-Oct-2022","EQ","188.31","194.88","188.31","188.29","188.88","188.94","189.33","223.00","153.30","2,974,260","563,123,459.28","33,881"
"04-Oct-2022","EQ","186.80","188.50","185.36","184.25","188.41","188.29","187.78","223.00","153.30","3,000,236","563,386,155.08","32,008"
"03-Oct-2022","EQ","184.60","187.93","183.97","186.83","184.35","184.25","185.27","223.00","153.30","6,396,852","1,185,158,881.08","78,148"
"30-Sep-2022","EQ","189.88","189.88","181.80","184.07","187.19","186.83","186.12","223.00","153.30","4,013,074","746,918,727.78","33,064"
"29-Sep-2022","EQ","186.85","186.85","183.71","184.47","184.43","184.07","184.84","223.00","153.30","3,635,933","672,065,739.63","34,396"
"28-Sep-2022","EQ","185.95","186.22","183.80","186.05","184.38","184.47","185.01","223.00","153.30","3,516,093","650,523,689.87","42,935"
"27-Sep-2022","EQ","188.44","188.44","185.26","186.21","186.45","186.05","186.30","223.00","153.30","3,441,924","641,241,905.05","31,662"
"26-Sep-2022","EQ","194.50","194.50","185.84","189.64","186.46","186.21","186.88","223.00","153.30","7,436,755","1,389,758,600.07","68,116"
"23-Sep-2022","EQ","197.49","197.49","189.50","192.92","190.00","189.64","190.55","223.00","153.30","4,921,522","937,775,321.37","55,111"
"22-Sep-2022","EQ","193.49","193.91","191.90","193.50","193.10","192.92","192.77","223.00","153.30","2,708,403","522,098,670.62","29,828"
"21-Sep-2022","EQ","195.22","195.22","192.73","194.44","193.64","193.50","193.77","223.00","153.30","1,636,057","317,014,713.06","21,488"
"20-Sep-2022","EQ","194.95","195.49","193.20","192.75","194.34","194.44","194.82","223.00","153.30","2,278,101","443,817,014.33","23,094"
"19-Sep-2022","EQ","195.50","195.50","190.72","191.90","193.14","192.75","192.45","223.00","153.30","2,293,767","441,428,718.75","33,692"
"16-Sep-2022","EQ","195.65","195.65","191.56","195.69","192.07","191.90","192.88","223.00","153.30","5,325,137","1,027,119,715.74","57,715"
"15-Sep-2022","EQ","197.47","197.47","195.00","196.27","195.91","195.69","195.88","223.00","153.30","4,888,170","957,509,847.23","32,601"
"14-Sep-2022","EQ","196.74","197.20","193.10","196.95","196.08","196.27","195.81","223.00","153.30","3,582,553","701,485,554.80","31,578"
"13-Sep-2022","EQ","196.80","197.19","195.70","195.64","197.05","196.95","196.83","223.00","153.30","2,522,993","496,596,822.22","25,796"
"12-Sep-2022","EQ","195.99","196.10","194.00","194.60","195.59","195.64","195.65","223.00","153.30","2,293,757","448,783,955.00","33,626"
"09-Sep-2022","EQ","195.44","195.51","194.18","194.00","194.66","194.60","195.03","223.00","153.30","4,205,205","820,124,018.47","23,758"
"08-Sep-2022","EQ","199.88","199.88","192.51","192.37","193.94","194.00","193.78","223.00","153.30","5,317,112","1,030,334,526.42","22,503"
"07-Sep-2022","EQ","192.40","192.65","188.02","192.48","192.48","192.37","191.88","223.00","153.30","1,934,621","371,209,788.57","26,098"
"06-Sep-2022","EQ","194.44","194.88","191.95","192.98","192.59","192.48","192.82","223.00","153.30","2,859,680","551,389,998.89","25,268"
"05-Sep-2022","EQ","192.90","193.10","190.87","191.61","192.94","192.98","192.77","223.00","153.30","2,254,231","434,548,593.43","34,714"
"02-Sep-2022","EQ","192.45","199.16","182.00","191.82","191.65","191.61","191.87","223.00","153.30","2,395,807","459,674,808.94","27,002"
"01-Sep-2022","EQ","193.70","193.70","190.85","193.92","192.15","191.82","192.01","223.00","153.30","4,624,714","887,973,851.05","45,463"
"30-Aug-2022","EQ","187.55","194.19","187.55","189.44","194.00","193.92","192.52","223.00","153.30","4,642,129","893,724,770.60","27,861"
"29-Aug-2022","EQ","191.72","191.72","187.55","191.92","189.66","189.44","189.02","223.00","153.30","4,760,712","899,878,258.43","46,933"
"26-Aug-2022","EQ","192.90","193.40","191.41","191.78","191.97","191.92","192.40","223.00","153.30","3,251,054","625,491,411.07","18,981"
"25-Aug-2022","EQ","194.90","195.33","191.30","192.63","191.77","191.78","193.12","223.00","153.30","6,427,666","1,241,282,123.07","24,510"
"24-Aug-2022","EQ","192.90","192.90","191.20","192.19","192.65","192.63","192.15","223.00","153.30","2,424,213","465,818,554.06","23,636"
"23-Aug-2022","EQ","190.74","192.70","189.53","190.95","192.70","192.19","191.29","223.00","153.30","3,058,581","585,079,193.26","27,692"
"22-Aug-2022","EQ","168.40","194.06","168.40","193.61","190.99","190.95","191.70","223.00","153.30","4,313,595","826,919,526.73","42,011"
"19-Aug-2022","EQ","196.63","196.63","193.12","195.71","193.54","193.61","194.47","223.00","153.30","3,331,050","647,778,453.02","35,807"
"18-Aug-2022","EQ","196.50","196.89","194.20","195.55","195.95","195.71","195.27","223.00","153.30","2,704,745","528,146,179.45","25,762"
"17-Aug-2022","EQ","198.20","198.20","194.20","194.09","195.54","195.55","195.19","223.00","153.30","3,137,343","612,368,870.41","27,096"
"16-Aug-2022","EQ","199.74","199.74","192.90","192.86","194.22","194.09","194.04","223.00","153.30","3,334,064","646,949,970.02","34,566"
"12-Aug-2022","EQ","199.99","199.99","191.71","192.34","192.89","192.86","192.56","223.00","153.30","3,145,464","605,689,828.27","23,446"
"11-Aug-2022","EQ","193.97","193.97","191.50","191.04","192.25","192.34","192.44","223.00","153.30","3,668,655","706,010,279.32","23,533"
"10-Aug-2022","EQ","199.80","199.99","189.98","190.79","190.90","191.04","190.71","223.00","153.30","3,095,220","590,277,804.59","28,810"
"08-Aug-2022","EQ","189.75","191.04","188.30","189.25","190.85","190.79","190.24","223.00","153.30","3,810,443","724,888,004.68","33,991"
"05-Aug-2022","EQ","180.01","191.05","180.01","189.17","189.15","189.25","189.66","223.00","153.30","2,653,504","503,255,376.70","24,173"
"04-Aug-2022","EQ","190.25","190.68","187.03","189.11","188.95","189.17","189.25","223.00","153.30","5,968,154","1,129,451,501.36","33,358"
"03-Aug-2022","EQ","188.90","189.40","180.01","188.62","189.25","189.11","188.36","223.00","153.30","4,471,989","842,342,773.60","26,584"
"02-Aug-2022","EQ","199.99","199.99","183.00","188.63","188.05","188.62","188.04","223.00","153.30","4,921,260","925,406,407.19","33,529"
"01-Aug-2022","EQ","186.54","190.00","186.54","186.54","188.60","188.63","187.96","223.00","153.30","4,377,216","822,736,225.08","39,778"
"29-Jul-2022","EQ","185.00","186.80","184.25","184.18","186.63","186.54","186.04","223.00","135.51","5,387,909","1,002,354,535.81","37,579"
"28-Jul-2022","EQ","184.50","184.50","180.11","181.60","184.10","184.18","183.64","223.00","135.51","4,186,901","768,890,874.92","29,653"
"27-Jul-2022","EQ","180.89","181.80","178.60","179.91","181.63","181.60","180.77","223.00","135.51","3,065,858","554,211,580.93","19,068"
"26-Jul-2022","EQ","176.10","181.95","176.10","181.46","179.98","179.91","180.24","223.00","135.51","2,484,141","447,744,867.83","23,900"
"25-Jul-2022","EQ","182.95","184.51","180.30","181.89","181.19","181.46","181.15","223.00","135.51","2,877,584","521,269,244.15","29,639"
"22-Jul-2022","EQ","177.11","182.87","177.11","180.54","181.90","181.89","181.54","223.00","135.51","4,042,684","733,927,540.32","25,069"
"21-Jul-2022","EQ","180.97","180.97","178.20","179.53","180.72","180.54","180.15","223.00","135.51","3,246,465","584,852,386.27","22,543"
"20-Jul-2022","EQ","182.80","182.80","178.70","177.88","179.41","179.53","179.73","223.00","135.51","6,831,455","1,227,839,954.17","27,876"
"19-Jul-2022","EQ","176.80","178.19","175.90","177.39","177.79","177.88","177.35","223.00","135.51","3,104,562","550,591,420.64","21,372"
"18-Jul-2022","EQ","176.70","177.50","175.55","175.02","177.48","177.39","176.74","223.00","135.51","3,244,564","573,438,657.25","29,909"
"15-Jul-2022","EQ","176.97","176.97","171.11","173.93","175.10","175.02","174.37","223.00","135.51","1,883,447","328,409,226.02","20,475"
"14-Jul-2022","EQ","176.44","176.44","172.11","174.06","174.10","173.93","174.02","223.00","135.51","2,693,779","468,776,119.84","23,533"
"13-Jul-2022","EQ","177.99","177.99","173.95","175.10","174.24","174.06","174.70","223.00","135.51","2,719,238","475,050,649.78","24,541"
"12-Jul-2022","EQ","175.90","176.00","174.70","176.23","174.97","175.10","175.48","223.00","135.51","3,180,084","558,038,762.98","25,343"
"11-Jul-2022","EQ","178.88","178.88","175.08","176.28","176.11","176.23","175.97","223.00","135.51","3,234,345","569,135,607.96","37,005"
"08-Jul-2022","EQ","178.99","178.99","175.58","175.54","176.37","176.28","176.16","223.00","135.51","2,797,277","492,754,555.77","23,235"
"07-Jul-2022","EQ","175.35","175.70","174.40","174.12","175.65","175.54","175.19","223.00","135.51","4,128,319","723,222,583.35","25,130"
"06-Jul-2022","EQ","174.68","174.68","170.91","172.04","174.35","174.12","173.39","223.00","135.51","3,536,136","613,141,307.58","25,661"
"05-Jul-2022","EQ","175.00","175.99","170.11","172.63","172.00","172.04","173.45","223.00","135.51","4,628,550","802,815,086.11","34,928"
"04-Jul-2022","EQ","172.90","172.90","170.65","171.64","172.63","172.63","171.75","223.00","135.51","3,249,155","558,054,894.72","44,314"
"01-Jul-2022","EQ","172.38","172.38","169.00","171.60","171.90","171.64","170.61","223.00","135.51","3,629,619","619,258,282.72","39,639"
"30-Jun-2022","EQ","172.99","172.99","170.00","171.86","171.28","171.60","171.90","223.00","135.51","3,002,593","516,158,800.10","19,150"
"29-Jun-2022","EQ","172.99","172.99","170.30","172.65","171.60","171.86","171.83","223.00","135.51","2,225,141","382,352,249.35","20,929"
"28-Jun-2022","EQ","173.99","173.99","171.30","172.62","172.79","172.65","172.00","223.00","135.51","2,233,374","384,147,188.12","24,411"
"27-Jun-2022","EQ","171.00","173.90","171.00","171.16","172.60","172.62","172.88","223.00","135.51","3,876,553","670,168,586.00","32,123"
"24-Jun-2022","EQ","172.99","172.99","169.90","169.71","171.20","171.16","170.93","223.00","135.51","2,402,113","410,597,555.29","23,942"
"23-Jun-2022","EQ","169.99","170.27","166.11","168.08","169.90","169.71","169.32","223.00","135.51","3,924,398","664,474,670.67","28,143"
"22-Jun-2022","EQ","171.99","171.99","167.80","170.26","168.09","168.08","168.47","223.00","135.51","3,538,333","596,105,179.63","28,948"
"21-Jun-2022","EQ","169.50","170.90","167.47","167.31","170.22","170.26","169.70","223.00","135.51","3,266,551","554,337,874.97","28,410"
"20-Jun-2022","EQ","169.90","169.90","165.70","166.87","167.60","167.31","166.78","223.00","135.51","3,305,437","551,294,680.34","40,680"
"17-Jun-2022","EQ","170.90","170.90","165.87","167.56","167.30","166.87","166.74","223.00","135.51","7,864,469","1,311,288,528.25","46,775"
"16-Jun-2022","EQ","172.90","172.90","167.31","171.10","167.49","167.56","168.98","223.00","135.51","12,278,413","2,074,857,898.94","93,827"
"15-Jun-2022","EQ","173.99","173.99","171.00","171.30","171.19","171.10","171.49","223.00","135.51","2,578,431","442,187,226.95","25,548"
"14-Jun-2022","EQ","172.99","172.99","170.06","171.87","171.43","171.30","171.49","223.00","135.51","4,062,092","696,620,616.76","35,067"
"13-Jun-2022","EQ","175.99","175.99","170.95","176.46","172.20","171.87","172.03","223.00","135.51","11,691,798","2,011,345,353.90","88,618"
"10-Jun-2022","EQ","178.99","178.99","176.14","179.40","176.48","176.46","176.83","223.00","135.51","3,447,645","609,662,601.42","38,823"
"09-Jun-2022","EQ","179.99","179.99","176.33","178.08","179.55","179.40","178.35","223.00","135.51","1,756,747","313,323,321.78","21,573"
"08-Jun-2022","EQ","181.86","181.86","177.50","178.56","178.04","178.08","178.38","223.00","135.51","3,371,153","601,353,282.39","24,171"
"07-Jun-2022","EQ","181.88","181.88","177.25","180.15","178.68","178.56","178.58","223.00","135.51","4,870,947","869,873,366.12","29,682"
"06-Jun-2022","EQ","181.99","181.99","176.25","180.21","180.30","180.15","179.67","223.00","135.51","2,076,981","373,172,035.55","33,309"
"03-Jun-2022","EQ","183.50","184.99","180.00","180.68","180.35","180.21","181.31","223.00","135.51","2,096,915","380,181,568.21","23,028"
"02-Jun-2022","EQ","180.99","180.99","178.00","179.59","180.50","180.68","179.99","223.00","135.51","1,852,591","333,457,116.05","25,818"
"01-Jun-2022","EQ","180.19","180.70","178.55","179.87","179.89","179.59","179.64","223.00","135.51","2,011,588","361,364,973.84","28,955"
"31-May-2022","EQ","180.99","180.99","177.25","180.43","179.96","179.87","180.18","223.00","135.51","2,419,814","436,001,850.93","20,589"
"30-May-2022","EQ","182.90","182.90","177.55","177.10","180.55","180.43","179.96","223.00","135.51","3,814,752","686,507,071.96","30,377"
"27-May-2022","EQ","179.80","179.80","175.15","175.57","177.19","177.10","176.71","223.00","135.51","2,037,316","360,012,532.82","18,096"
"26-May-2022","EQ","176.70","176.70","173.00","174.13","175.80","175.57","174.56","223.00","135.51","3,043,887","531,326,467.86","26,787"
"25-May-2022","EQ","176.80","176.80","173.26","175.09","174.23","174.13","174.70","223.00","135.51","2,332,641","407,519,479.48","22,969"
"24-May-2022","EQ","177.99","177.99","174.26","175.53","175.20","175.09","175.26","223.00","135.51","1,629,644","285,604,190.71","18,958"
"23-May-2022","EQ","178.99","178.99","174.90","175.92","175.50","175.53","176.43","223.00","135.51","3,285,457","579,667,866.44","30,105"
"20-May-2022","EQ","176.99","176.99","172.01","171.70","176.20","175.92","175.14","223.00","135.51","2,696,074","472,196,534.47","20,403"
"19-May-2022","EQ","175.99","175.99","171.50","176.05","172.39","171.70","172.30","223.00","135.51","6,755,953","1,164,078,492.76","51,105"
"18-May-2022","EQ","178.99","178.99","175.21","176.44","176.18","176.05","176.63","223.00","135.51","2,871,652","507,228,709.68","22,622"
"17-May-2022","EQ","176.90","176.90","171.01","172.13","176.70","176.44","174.85","223.00","135.51","3,600,691","629,590,471.94","34,117"
"16-May-2022","EQ","176.80","176.80","171.00","171.40","172.43","172.13","172.56","223.00","135.51","3,448,002","594,985,853.22","36,315"
"13-May-2022","EQ","178.90","178.90","171.01","171.72","171.50","171.40","172.99","223.00","135.51","4,861,805","841,034,853.41","46,401"
"12-May-2022","EQ","174.99","175.00","170.96","175.34","172.20","171.72","172.14","223.00","135.51","12,227,812","2,104,909,747.34","99,006"
"11-May-2022","EQ","153.30","181.90","153.30","176.16","175.75","175.34","175.04","223.00","135.51","5,356,589","937,632,541.49","46,914"
"10-May-2022","EQ","184.60","184.60","175.20","176.95","176.14","176.16","176.91","223.00","135.51","3,075,228","544,036,365.17","37,709"
"09-May-2022","EQ","171.00","184.88","171.00","177.94","177.24","176.95","176.40","223.00","135.51","5,393,087","951,315,279.88","52,507"
"06-May-2022","EQ","180.49","180.49","177.35","181.01","178.29","177.94","178.05","223.00","135.51","9,509,041","1,693,062,642.07","69,425"
"05-May-2022","EQ","194.48","194.48","180.70","181.05","180.99","181.01","182.09","223.00","135.51","2,971,622","541,097,473.78","38,296"
"04-May-2022","EQ","193.98","193.98","180.50","185.12","181.20","181.05","182.37","223.00","135.51","6,683,312","1,218,852,644.25","75,894"
"02-May-2022","EQ","176.25","185.25","176.25","185.43","185.09","185.12","184.19","223.00","135.51","2,891,664","532,601,197.97","43,257"
"29-Apr-2022","EQ","192.75","192.75","184.80","186.41","185.33","185.43","186.90","223.00","135.51","2,139,926","399,943,897.06","30,705"
"28-Apr-2022","EQ","188.50","194.88","184.80","184.78","186.50","186.41","186.27","223.00","135.51","2,128,010","396,377,645.95","21,081"
"27-Apr-2022","EQ","200.00","200.00","183.61","186.11","184.93","184.78","184.81","223.00","135.51","2,079,309","384,284,037.69","23,819"
"26-Apr-2022","EQ","194.88","194.88","184.47","183.86","186.30","186.11","185.71","223.00","135.51","1,293,913","240,289,093.26","16,425"
"25-Apr-2022","EQ","186.69","186.69","183.25","186.09","184.11","183.86","183.94","223.00","135.51","3,788,167","696,807,308.26","47,974"
"22-Apr-2022","EQ","188.24","188.24","184.75","188.10","186.10","186.09","186.39","223.00","132.00","1,826,897","340,514,418.81","25,820"
"21-Apr-2022","EQ","209.55","209.55","184.41","185.86","188.14","188.10","187.44","223.00","132.00","1,893,836","354,984,508.55","23,963"
"20-Apr-2022","EQ","191.89","191.89","182.20","183.68","185.91","185.86","185.45","223.00","132.00","1,850,293","343,135,485.33","22,181"
"19-Apr-2022","EQ","185.00","187.70","182.40","186.23","183.07","183.68","184.99","223.00","132.00","4,548,205","841,378,413.94","41,021"
"18-Apr-2022","EQ","188.55","188.55","185.25","189.54","186.40","186.23","186.31","223.00","132.00","6,161,166","1,147,883,554.84","71,305"
"13-Apr-2022","EQ","195.00","195.00","189.33","190.42","189.48","189.54","189.99","223.00","132.00","3,323,040","631,331,162.58","24,110"
"12-Apr-2022","EQ","189.86","210.00","189.20","191.67","190.01","190.42","190.16","223.00","132.00","7,386,091","1,404,548,635.63","49,447"
"11-Apr-2022","EQ","193.54","193.54","191.00","192.76","191.74","191.67","191.81","223.00","132.00","3,910,874","750,145,849.39","36,527"
"08-Apr-2022","EQ","195.00","195.00","189.13","191.26","192.75","192.76","192.01","223.00","132.00","2,055,024","394,583,771.05","27,211"
"07-Apr-2022","EQ","193.00","193.00","191.06","193.00","191.10","191.26","191.86","223.00","132.00","2,595,043","497,888,295.52","30,026"
"06-Apr-2022","EQ","194.24","194.24","192.70","194.55","193.05","193.00","193.21","223.00","132.00","2,181,412","421,466,093.40","30,883"
"05-Apr-2022","EQ","196.74","197.15","194.10","195.19","194.33","194.55","195.10","223.00","132.00","5,835,051","1,138,398,819.69","37,707"
"04-Apr-2022","EQ","190.50","195.35","190.50","190.47","194.90","195.19","194.25","223.00","132.00","10,721,051","2,082,548,969.63","58,001"
"01-Apr-2022","EQ","189.94","190.96","185.00","188.87","190.80","190.47","189.29","223.00","132.00","14,131,760","2,674,986,215.96","43,536"
"31-Mar-2022","EQ","190.50","190.50","188.15","188.91","188.90","188.87","189.00","223.00","132.00","2,204,741","416,688,448.94","19,014"
"30-Mar-2022","EQ","191.50","191.50","187.75","187.22","188.80","188.91","188.60","223.00","132.00","3,621,150","682,948,480.30","21,456"
"29-Mar-2022","EQ","190.00","190.00","184.15","186.32","187.40","187.22","186.87","223.00","132.00","2,197,933","410,738,287.68","16,188"
"28-Mar-2022","EQ","188.20","188.20","184.30","185.82","186.34","186.32","185.62","223.00","132.00","3,218,703","597,465,036.52","28,714"
"25-Mar-2022","EQ","187.12","187.12","185.00","186.09","185.91","185.82","185.57","223.00","132.00","5,968,779","1,107,630,765.18","23,729"
"24-Mar-2022","EQ","198.00","198.00","177.80","186.34","185.86","186.09","186.05","223.00","132.00","2,232,760","415,396,251.28","20,235"
"23-Mar-2022","EQ","190.00","190.00","185.00","187.34","186.25","186.34","186.94","223.00","132.00","2,584,326","483,123,793.39","23,411"
"22-Mar-2022","EQ","189.00","193.75","184.20","185.38","187.49","187.34","185.97","223.00","132.00","2,606,331","484,703,361.55","26,787"
"21-Mar-2022","EQ","190.00","190.00","182.00","186.71","185.53","185.38","186.08","223.00","132.00","2,590,277","482,007,157.92","31,563"
"17-Mar-2022","EQ","188.00","188.00","185.20","183.66","186.88","186.71","186.45","223.00","132.00","4,130,440","770,109,012.14","28,508"
"16-Mar-2022","EQ","183.60","183.80","181.80","180.60","183.65","183.66","182.99","223.00","132.00","2,288,980","418,868,418.20","20,130"
"15-Mar-2022","EQ","185.00","185.00","179.51","182.61","180.40","180.60","181.37","223.00","132.00","2,958,912","536,671,252.73","35,901"
"14-Mar-2022","EQ","182.00","182.99","178.35","179.98","182.75","182.61","181.46","223.00","132.00","3,096,236","561,855,825.63","30,260"
"11-Mar-2022","EQ","183.00","183.00","177.16","179.65","179.91","179.98","179.82","223.00","132.00","2,724,636","489,943,921.32","24,982"
"10-Mar-2022","EQ","177.25","183.90","177.25","176.98","179.42","179.65","180.05","223.00","132.00","4,577,829","824,218,913.84","32,961"
"09-Mar-2022","EQ","180.00","180.00","173.15","173.40","177.33","176.98","175.38","223.00","132.00","4,224,355","740,852,840.69","37,890"
"08-Mar-2022","EQ","177.55","177.55","170.26","172.33","173.45","173.40","171.98","223.00","132.00","9,202,552","1,582,674,396.63","59,729"
"07-Mar-2022","EQ","176.90","176.90","171.25","176.26","172.69","172.33","172.23","223.00","132.00","13,669,797","2,354,368,167.22","100,386"
"04-Mar-2022","EQ","178.48","178.48","175.06","178.86","176.49","176.26","176.38","223.00","132.00","8,765,287","1,546,037,676.90","83,642"
"03-Mar-2022","EQ","184.90","184.90","178.30","180.10","179.25","178.86","179.84","223.00","132.00","3,247,919","584,097,924.07","40,071"
"02-Mar-2022","EQ","185.00","185.00","178.30","181.84","180.38","180.10","179.72","223.00","132.00","5,163,914","928,069,275.38","62,949"
"28-Feb-2022","EQ","189.88","189.88","176.10","180.85","181.85","181.84","179.45","223.00","132.00","4,466,025","801,413,553.67","42,415"
"25-Feb-2022","EQ","185.00","185.00","179.00","178.36","181.40","180.85","180.79","223.00","132.00","5,674,475","1,025,904,432.86","43,788"
"24-Feb-2022","EQ","180.60","189.95","177.00","185.05","179.38","178.36","179.48","223.00","132.00","19,565,577","3,511,621,903.39","148,139"
"23-Feb-2022","EQ","187.99","187.99","184.58","185.27","185.07","185.05","185.68","223.00","132.00","1,460,494","271,186,205.14","17,950"
"22-Feb-2022","EQ","186.00","186.00","182.69","186.29","185.52","185.27","184.02","223.00","132.00","4,189,474","770,966,670.02","44,821"
"21-Feb-2022","EQ","190.00","190.00","184.69","186.64","186.40","186.29","186.12","223.00","132.00","2,084,966","388,057,244.97","29,820"
"18-Feb-2022","EQ","183.30","190.00","183.30","186.93","186.72","186.64","186.88","223.00","132.00","1,659,566","310,136,997.54","17,116"
"17-Feb-2022","EQ","190.00","190.00","186.17","187.14","186.75","186.93","187.41","223.00","132.00","1,415,247","265,236,860.72","18,142"
"16-Feb-2022","EQ","190.00","190.00","186.45","187.59","187.10","187.14","187.78","223.00","132.00","2,043,037","383,647,420.68","22,799"
"15-Feb-2022","EQ","185.00","187.88","182.59","182.59","187.64","187.59","185.05","223.00","132.00","2,687,788","497,368,714.02","35,396"
"14-Feb-2022","EQ","187.50","187.50","182.30","188.00","182.47","182.59","183.78","223.00","132.00","7,366,629","1,353,848,176.61","88,781"
"11-Feb-2022","EQ","192.50","192.50","187.00","190.11","187.75","188.00","187.71","223.00","132.00","2,152,018","403,947,388.94","25,932"
"10-Feb-2022","EQ","191.50","191.50","188.50","189.03","189.88","190.11","189.67","223.00","132.00","3,300,794","626,063,160.98","21,036"
"09-Feb-2022","EQ","199.85","199.85","187.10","186.81","189.19","189.03","188.48","223.00","132.00","1,253,049","236,172,074.16","16,794"
"08-Feb-2022","EQ","190.00","190.00","184.50","186.34","186.70","186.81","185.94","223.00","132.00","2,401,848","446,590,062.14","33,878"
"07-Feb-2022","EQ","193.00","193.00","185.39","189.59","186.40","186.34","187.14","223.00","132.00","3,745,509","700,916,450.74","57,807"
"04-Feb-2022","EQ","193.00","193.00","189.01","190.01","189.45","189.59","189.72","223.00","132.00","3,276,311","621,574,318.49","27,626"
"03-Feb-2022","EQ","195.00","195.00","189.60","192.12","189.71","190.01","190.88","223.00","132.00","2,498,448","476,904,239.76","24,687"
"02-Feb-2022","EQ","194.00","194.00","189.70","189.70","192.24","192.12","191.57","223.00","132.00","2,272,990","435,443,997.13","25,976"
"01-Feb-2022","EQ","190.80","190.80","178.11","187.63","189.99","189.70","189.29","223.00","132.00","4,046,199","765,897,187.66","36,635"
"31-Jan-2022","EQ","199.88","199.88","185.25","185.10","187.75","187.63","187.58","223.00","132.00","2,238,333","419,871,780.40","29,907"
"28-Jan-2022","EQ","187.75","188.06","184.80","185.33","185.30","185.10","186.70","223.00","132.00","2,774,965","518,075,666.08","28,874"
"27-Jan-2022","EQ","194.00","194.00","182.70","187.07","185.78","185.33","184.06","223.00","132.00","5,945,584","1,094,331,199.86","51,850"
"25-Jan-2022","EQ","185.49","187.38","183.05","185.79","187.25","187.07","185.04","223.00","132.00","5,883,754","1,088,755,552.57","46,580"
"24-Jan-2022","EQ","196.80","196.80","184.05","190.64","185.55","185.79","186.59","223.00","132.00","9,706,128","1,811,069,448.56","89,363"
"21-Jan-2022","EQ","191.99","191.99","189.22","192.18","191.13","190.64","190.51","223.00","132.00","3,135,380","597,334,039.62","35,386"
"20-Jan-2022","EQ","195.80","195.80","191.10","194.18","192.44","192.18","192.25","223.00","132.00","3,125,434","600,879,875.65","39,900"
"19-Jan-2022","EQ","221.40","221.40","193.00","195.97","194.39","194.18","194.24","223.00","132.00","1,947,061","378,193,391.33","27,425"
"18-Jan-2022","EQ","199.00","199.00","195.60","198.03","196.20","195.97","197.08","223.00","132.00","1,936,923","381,725,678.68","30,979"
"17-Jan-2022","EQ","223.00","223.00","195.70","197.36","198.18","198.03","197.65","223.00","132.00","1,655,939","327,298,863.37","30,013"
"14-Jan-2022","EQ","199.85","199.85","195.50","197.00","197.02","197.36","196.65","221.70","132.00","1,926,983","378,931,914.51","20,184"
"13-Jan-2022","EQ","198.80","198.80","195.80","196.20","197.16","197.00","196.67","221.70","132.00","1,965,999","386,658,330.27","18,498"
"12-Jan-2022","EQ","197.50","197.50","195.05","194.69","196.15","196.20","195.94","221.70","132.00","1,506,313","295,149,690.24","21,327"
"11-Jan-2022","EQ","196.00","196.00","193.25","194.35","194.70","194.69","194.52","221.70","132.00","1,055,181","205,256,961.08","19,740"
"10-Jan-2022","EQ","193.70","194.50","192.45","192.42","194.46","194.35","193.94","221.70","132.00","2,125,975","412,306,558.74","36,204"
"07-Jan-2022","EQ","194.00","194.00","191.40","191.92","192.60","192.42","192.51","221.70","132.00","1,164,892","224,253,176.58","23,244"
"06-Jan-2022","EQ","193.00","193.00","190.75","193.34","191.98","191.92","191.46","221.70","132.00","2,295,715","439,533,396.78","30,162"
"05-Jan-2022","EQ","195.00","195.00","191.30","192.46","193.30","193.34","192.86","221.70","132.00","1,532,485","295,558,004.42","28,242"
"04-Jan-2022","EQ","198.91","198.91","189.20","190.72","192.50","192.46","191.58","221.70","132.00","1,985,741","380,438,079.16","32,097"
"03-Jan-2022","EQ","190.00","190.95","185.30","187.79","190.95","190.72","189.74","221.70","132.00","2,595,035","492,391,979.12","68,868"